dCountry,ISO Code,Pricing Tier,Currency,PLUS Monthly,PLUS Annual,PRO Monthly (Early Access),PRO Annual (Early Access),PRO Monthly (Full),PRO Annual (Full),Lifetime,Recharge 500 Credits,Notes
,,,,,,,,,,,,
"═══════════════════════════════════════════════════════",,,,,,,,,,,,
TIER 1 — HIGH INCOME (Benchmark),,,,,,,,,,,,
"═══════════════════════════════════════════════════════",,,,,,,,,,,,
United States,US,1,USD,3.99,19.99,8.99,49.99,9.99,79.99,149.99,1.99,Benchmark
Canada,CA,1,CAD,5.49,27.99,12.49,69.99,13.99,109.99,199.99,2.79,1 USD = ~1.37 CAD
United Kingdom,GB,1,GBP,3.29,16.99,7.49,42.99,8.49,67.99,129.99,1.69,1 USD = ~0.79 GBP
Switzerland,CH,1,CHF,3.49,17.99,7.99,44.99,8.99,72.99,139.99,1.79,1 USD = ~0.88 CHF
Norway,NO,1,NOK,44.00,219.00,99.00,549.00,109.00,879.00,1649.00,22.00,1 USD = ~10.8 NOK
Sweden,SE,1,SEK,44.00,219.00,99.00,549.00,109.00,879.00,1649.00,22.00,1 USD = ~10.6 SEK
Denmark,DK,1,DKK,29.00,149.00,65.00,359.00,72.00,579.00,1079.00,15.00,1 USD = ~7.0 DKK
Australia,AU,1,AUD,6.49,32.99,14.49,79.99,15.99,129.99,239.99,3.49,1 USD = ~1.55 AUD
New Zealand,NZ,1,NZD,6.99,34.99,15.49,84.99,17.49,139.99,259.99,3.49,1 USD = ~1.72 NZD
Japan,JP,1,JPY,600,3000,1400,7500,1500,12000,22800,300,1 USD = ~150 JPY
Singapore,SG,1,SGD,5.48,27.98,12.48,67.98,13.48,107.98,204.98,2.98,1 USD = ~1.35 SGD
Ireland,IE,1,EUR,3.99,19.99,8.99,49.99,9.99,79.99,149.99,1.99,Eurozone = benchmark EUR
Luxembourg,LU,1,EUR,3.99,19.99,8.99,49.99,9.99,79.99,149.99,1.99,
Iceland,IS,1,ISK,549,2790,1249,6900,1399,11199,20999,279,1 USD = ~137 ISK
Qatar,QA,1,QAR,14.99,74.99,32.99,184.99,36.99,294.99,549.99,7.99,1 USD = 3.64 QAR
United Arab Emirates,AE,1,AED,14.99,74.99,32.99,184.99,36.99,294.99,549.99,7.99,1 USD = 3.67 AED
Saudi Arabia,SA,1,SAR,14.99,74.99,33.99,189.99,37.99,299.99,569.99,7.99,1 USD = 3.75 SAR
Kuwait,KW,1,KWD,1.19,5.99,2.69,14.99,2.99,24.49,45.99,0.59,1 USD = 0.31 KWD
Israel,IL,1,ILS,14.90,74.90,33.90,184.90,37.90,294.90,549.90,7.90,1 USD = ~3.65 ILS
,,,,,,,,,,,,
"═══════════════════════════════════════════════════════",,,,,,,,,,,,
TIER 2 — UPPER-MIDDLE (Europa Occ. + Asia Sviluppata),,,,,,,,,,,,
"═══════════════════════════════════════════════════════",,,,,,,,,,,,
Italy,IT,2,EUR,3.99,19.99,8.99,49.99,9.99,79.99,149.99,1.99,Home market
Germany,DE,2,EUR,3.99,19.99,8.99,49.99,9.99,79.99,149.99,1.99,
France,FR,2,EUR,3.99,19.99,8.99,49.99,9.99,79.99,149.99,1.99,
Spain,ES,2,EUR,3.49,17.99,7.99,44.99,8.99,69.99,129.99,1.99,PPP leggermente sotto
Netherlands,NL,2,EUR,3.99,19.99,8.99,49.99,9.99,79.99,149.99,1.99,
Belgium,BE,2,EUR,3.99,19.99,8.99,49.99,9.99,79.99,149.99,1.99,
Austria,AT,2,EUR,3.99,19.99,8.99,49.99,9.99,79.99,149.99,1.99,
Finland,FI,2,EUR,3.99,19.99,8.99,49.99,9.99,79.99,149.99,1.99,
Portugal,PT,2,EUR,2.99,14.99,6.99,39.99,7.99,64.99,119.99,1.49,PPP ~80% EU core
South Korea,KR,2,KRW,5900,29900,12900,72900,14900,119000,224900,2900,1 USD = ~1350 KRW
Taiwan,TW,2,TWD,130,650,290,1590,330,2590,4790,70,1 USD = ~32 TWD
Hong Kong,HK,2,HKD,33.00,168.00,73.00,398.00,83.00,628.00,1178.00,18.00,1 USD = ~7.8 HKD
,,,,,,,,,,,,
"═══════════════════════════════════════════════════════",,,,,,,,,,,,
TIER 3 — MIDDLE (Europa Est + Latam Forte + Asia Media),,,,,,,,,,,,
"═══════════════════════════════════════════════════════",,,,,,,,,,,,
Poland,PL,3,PLN,12.99,64.99,28.99,159.99,32.99,259.99,479.99,6.99,1 USD = ~4.05 PLN
Czech Republic,CZ,3,CZK,79,399,179,999,199,1599,2999,39,1 USD = ~23.5 CZK
Hungary,HU,3,HUF,1290,6490,2890,15990,3290,25990,47990,649,1 USD = ~370 HUF
Romania,RO,3,RON,14.99,74.99,34.99,189.99,39.99,309.99,569.99,7.99,1 USD = ~4.7 RON
Croatia,HR,3,EUR,2.49,12.99,5.99,32.99,6.99,54.99,99.99,1.49,
Bulgaria,BG,3,BGN,5.49,27.99,12.49,69.99,13.99,109.99,199.99,2.99,1 USD = ~1.84 BGN
Greece,GR,3,EUR,2.99,14.99,6.99,39.99,7.99,64.99,119.99,1.49,PPP sotto media EU
Slovakia,SK,3,EUR,2.99,14.99,6.99,39.99,7.99,64.99,119.99,1.49,
Slovenia,SI,3,EUR,2.99,14.99,6.99,39.99,7.99,64.99,119.99,1.49,
Lithuania,LT,3,EUR,2.49,12.99,5.99,32.99,6.99,54.99,99.99,1.49,
Latvia,LV,3,EUR,2.49,12.99,5.99,32.99,6.99,54.99,99.99,1.49,
Estonia,EE,3,EUR,2.99,14.99,6.99,39.99,7.99,64.99,119.99,1.49,
Brazil,BR,3,BRL,16.90,84.90,37.90,209.90,42.90,339.90,629.90,8.90,"1 USD = ~5.1 BRL; target 40-55% US"
Mexico,MX,3,MXN,54.00,269.00,119.00,669.00,139.00,1069.00,1999.00,29.00,1 USD = ~17.2 MXN
Chile,CL,3,CLP,2990,14990,6690,36990,7490,59990,109990,1490,1 USD = ~950 CLP
Argentina,AR,3,ARS,3999,19999,8999,49999,9999,79999,149999,1999,"INFLAZIONE ALTA — Rivedere ogni 3 mesi! 1 USD = ~900+ ARS"
Colombia,CO,3,COP,14900,74900,32900,184900,37900,299900,549900,7900,1 USD = ~4200 COP
Uruguay,UY,3,UYU,159,799,359,1999,399,3199,5999,79,1 USD = ~41 UYU
Costa Rica,CR,3,CRC,1690,8490,3790,20990,4290,32990,62990,849,1 USD = ~525 CRC
Turkey,TR,3,TRY,109.99,549.99,249.99,1399.99,279.99,2199.99,4099.99,54.99,"INFLAZIONE ALTA — Rivedere ogni 3 mesi! 1 USD = ~32 TRY"
South Africa,ZA,3,ZAR,54.99,279.99,124.99,689.99,139.99,1099.99,2049.99,29.99,1 USD = ~18.5 ZAR
Malaysia,MY,3,MYR,14.90,74.90,32.90,184.90,37.90,299.90,549.90,7.90,1 USD = ~4.7 MYR
Thailand,TH,3,THB,109,549,249,1390,279,2190,4090,59,1 USD = ~35 THB
China,CN,3,CNY,18.00,88.00,38.00,218.00,45.00,348.00,648.00,8.00,"Mercato complesso — servono licenze e publisher locale"
,,,,,,,,,,,,
"═══════════════════════════════════════════════════════",,,,,,,,,,,,
TIER 4 — LOWER-MIDDLE (Target 20-40% US),,,,,,,,,,,,
"═══════════════════════════════════════════════════════",,,,,,,,,,,,
India,IN,4,INR,99,499,219,1199,249,1999,3699,59,"1.4 mld utenti; 1 USD = ~84 INR; target 25% US"
Indonesia,ID,4,IDR,34900,174900,79900,439900,89900,699900,1299900,17900,"1 USD = ~15800 IDR; target 25-30% US"
Philippines,PH,4,PHP,119,599,269,1490,299,2390,4490,59,1 USD = ~56.5 PHP
Vietnam,VN,4,VND,59000,299000,129000,719000,149000,1149000,2149000,29000,1 USD = ~25200 VND
Pakistan,PK,4,PKR,599,2999,1349,7499,1499,11999,22499,299,1 USD = ~278 PKR
Bangladesh,BD,4,BDT,299,1499,669,3699,749,5999,11199,149,1 USD = ~120 BDT
Egypt,EG,4,EGP,99,499,219,1199,249,1999,3699,49,"1 USD = ~50 EGP; mercato volatile"
Nigeria,NG,4,NGN,1999,9999,4499,24999,4999,39999,74999,999,1 USD = ~1600 NGN
Kenya,KE,4,KES,249,1249,559,3099,629,4999,9299,129,1 USD = ~154 KES
Ghana,GH,4,GHS,29.99,149.99,64.99,364.99,74.99,579.99,1099.99,14.99,1 USD = ~15 GHS
Tanzania,TZ,4,TZS,5999,29999,13499,74999,14999,119999,224999,2999,1 USD = ~2650 TZS
Uganda,UG,4,UGX,8999,44999,19999,109999,22999,179999,339999,4499,1 USD = ~3750 UGX
Sri Lanka,LK,4,LKR,599,2999,1349,7499,1499,11999,22499,299,1 USD = ~300 LKR
Nepal,NP,4,NPR,249,1249,559,3099,629,4999,9299,129,1 USD = ~134 NPR
Cambodia,KH,4,USD,0.99,4.99,2.49,12.99,2.99,22.99,44.99,0.49,Dollarizzata
Myanmar,MM,4,USD,0.99,4.99,2.49,12.99,2.99,22.99,44.99,0.49,
Morocco,MA,4,MAD,24.99,124.99,54.99,309.99,64.99,489.99,929.99,12.99,1 USD = ~10 MAD
Tunisia,TN,4,TND,5.99,29.99,13.49,74.99,14.99,119.99,224.99,2.99,1 USD = ~3.2 TND
Algeria,DZ,4,DZD,329,1649,739,4099,829,6499,12199,169,1 USD = ~135 DZD
Peru,PE,4,PEN,8.90,44.90,19.90,109.90,22.90,179.90,339.90,4.90,1 USD = ~3.75 PEN
Bolivia,BO,4,BOB,16.99,84.99,37.99,209.99,42.99,339.99,629.99,8.99,1 USD = ~6.9 BOB
Ecuador,EC,4,USD,1.49,7.99,3.49,18.99,3.99,29.99,59.99,0.99,Dollarizzata
Paraguay,PY,4,PYG,17900,89900,39900,219900,44900,359900,669900,8900,1 USD = ~7600 PYG
Dominican Republic,DO,4,DOP,99,499,219,1199,249,1999,3699,49,1 USD = ~59 DOP
Guatemala,GT,4,GTQ,16.99,84.99,37.99,209.99,42.99,339.99,629.99,8.99,1 USD = ~7.75 GTQ
Honduras,HN,4,HNL,54.99,279.99,124.99,689.99,139.99,1099.99,2049.99,29.99,1 USD = ~25 HNL
El Salvador,SV,4,USD,1.49,7.99,3.49,18.99,3.99,29.99,59.99,0.99,Dollarizzata
Panama,PA,4,USD,1.99,9.99,4.49,24.99,4.99,39.99,74.99,0.99,Dollarizzata
Jamaica,JM,4,USD,1.49,7.99,3.49,18.99,3.99,29.99,59.99,0.99,
Ukraine,UA,4,UAH,99,499,219,1199,249,1999,3699,49,1 USD = ~41 UAH
Georgia,GE,4,GEL,5.99,29.99,13.49,74.99,14.99,119.99,224.99,2.99,1 USD = ~2.75 GEL
Armenia,AM,4,AMD,1199,5999,2699,14999,2999,23999,44999,599,1 USD = ~395 AMD
Azerbaijan,AZ,4,AZN,3.49,17.49,7.49,41.99,8.49,67.99,124.99,1.79,1 USD = 1.70 AZN
Kazakhstan,KZ,4,KZT,1199,5999,2699,14999,2999,23999,44999,599,1 USD = ~480 KZT
Uzbekistan,UZ,4,UZS,24900,124900,54900,304900,64900,489900,929900,12900,1 USD = ~12800 UZS
Jordan,JO,4,JOD,1.09,5.49,2.49,13.49,2.79,21.99,41.99,0.59,1 USD = 0.71 JOD
Lebanon,LB,4,USD,1.49,7.99,3.49,18.99,3.99,29.99,59.99,0.99,Economia instabile
Iraq,IQ,4,IQD,2990,14990,6690,36990,7490,59990,109990,1490,1 USD = ~1310 IQD
Oman,OM,4,OMR,0.79,3.99,1.79,9.99,1.99,15.99,29.99,0.39,1 USD = 0.385 OMR
Bahrain,BH,4,BHD,0.79,3.99,1.79,9.99,1.99,15.99,29.99,0.39,1 USD = 0.376 BHD
,,,,,,,,,,,,
"═══════════════════════════════════════════════════════",,,,,,,,,,,,
TIER 5 — MERCATI COMPLESSI / CIS,,,,,,,,,,,,
"═══════════════════════════════════════════════════════",,,,,,,,,,,,
Russia,RU,5,RUB,199,999,449,2499,499,3999,7499,99,"Sanzioni USA/EU — verificare disponibilità store!"
Belarus,BY,5,BYN,5.99,29.99,13.49,74.99,14.99,119.99,224.99,2.99,Verificare disponibilità
Serbia,RS,5,RSD,399,1999,899,4999,999,7999,14999,199,1 USD = ~110 RSD
Bosnia and Herzegovina,BA,5,BAM,3.99,19.99,8.99,49.99,9.99,79.99,149.99,1.99,1 USD = ~1.84 BAM
North Macedonia,MK,5,MKD,169,849,379,2099,429,3399,6299,89,1 USD = ~58 MKD
Albania,AL,5,ALL,399,1999,899,4999,999,7999,14999,199,1 USD = ~100 ALL
Moldova,MD,5,MDL,34.99,174.99,79.99,439.99,89.99,709.99,1329.99,17.99,1 USD = ~18 MDL
Montenegro,ME,5,EUR,2.49,12.99,5.99,32.99,6.99,54.99,99.99,1.49,
Mongolia,MN,5,MNT,8490,42490,18990,104990,21490,169990,314990,4290,1 USD = ~3450 MNT
,,,,,,,,,,,,
"═══════════════════════════════════════════════════════",,,,,,,,,,,,
LEGENDA E NOTE,,,,,,,,,,,,
"═══════════════════════════════════════════════════════",,,,,,,,,,,,
,,,Tier 1,"Alto reddito — 100% prezzo benchmark USA/EUR",,,,,,,,
,,,Tier 2,"Reddito medio-alto — 85-100% del benchmark",,,,,,,,
,,,Tier 3,"Reddito medio — 45-65% del benchmark",,,,,,,,
,,,Tier 4,"Reddito medio-basso — 20-40% del benchmark (target PPP)",,,,,,,,
,,,Tier 5,"Mercati complessi — 30-50% + verifiche legali/sanzioni",,,,,,,,
,,,,,,,,,,,,
,,,⚠️,"Argentina e Turchia: rivedere prezzi ogni 3 mesi per inflazione.",,,,,,,,
,,,⚠️,"Cina: richiede licenza ICP + publisher locale per App Store cinese.",,,,,,,,
,,,⚠️,"Russia/Belarus: sanzioni attive — verificare accessibilità store.",,,,,,,,
,,,⚠️,"Tassi di cambio verificati al 2026-03-28. Ricalcolare ogni 6 mesi.",,,,,,,,
,,,⚠️,"Google Play blocca VPN-pricing arbitrage — puoi offrire prezzi bassi senza rischio.",,,,,,,,
